SAMPLE,nIGH,nIGK,nIGL,nTCRA,nTCRB,nTCRD,nTCRG,loadIGH,loadIGK,loadIGL,loadTCRA,loadTCRB,loadTCRD,loadTCRG,alphaIGH,alphaIGK,alphaIGL,alphaTCRA,alphaTCRB,alphaTCRD,alphaTCRG,line_count
HH001_B1_SA_S2,0.048417988817696024,0.30261243011060013,0.024208994408848012,0.16946296086193607,0.0,0.0,0.0,0.12104497204424004,0.9441507819450724,0.07262698322654403,0.6294338546300482,0.0,0.0,0.0,1.33217904,2.963445951,0.6365141679999999,2.465534564,0,0,0,82613923.0
HH001_B3_SA_S3,0.06186206676834728,0.3041551616110408,0.04124137784556486,0.08763792792182531,0.0,0.0,0.0,0.1546551669208682,1.376430985595727,0.09794827238321653,0.31446550607243207,0.0,0.0,0.0,2.375192331,3.277293165,2.059229379,2.594020183,0,0,0,193979940.0
HH003_A1_SA_S4,0.0,0.0,0.004712535255183124,0.09425070510366249,0.0,0.0,0.0,0.0,0.0,0.009425070510366248,1.861451425797334,0.0,0.0,0.0,0.0,0.0,0.0,2.1470849469999997,0,0,0,212200004.0
HH003_A3_SA_S5,0.0,0.0,0.0,0.13295337168779017,0.0,0.0,0.0,0.0,0.0,0.0,0.8079474125642634,0.0,0.0,0.0,0.0,0.0,0.0,2.152679278,0,0,0,97778641.0
HH003_B3_SA_S6,0.0,0.0,0.0,0.23925040296745997,0.0,0.0,0.0,0.0,0.0,0.0,1.6747528207722198,0.0,0.0,0.0,0.0,0.0,0.0,2.265150778,0,0,0,75234983.0
HH003_D_SA_S7,0.01571739297551672,0.01571739297551672,0.03143478595103344,0.26719568058378423,0.0,0.0,0.0,0.06286957190206688,0.04715217892655015,0.14145653677965048,2.8291307355930093,0.0,0.0,0.0,0.0,0.0,0.5297061989999999,2.208247695,0,0,0,63623783.0
HH003_K_SA_S8,0.0,0.0,0.0,0.2519262215921379,0.0,0.0,0.0,0.0,0.0,0.0,1.2344384858014759,0.0,0.0,0.0,0.0,0.0,0.0,2.0081396540000003,0,0,0,39694161.0
HH003_R_SA_S9,0.06611363929667782,0.0,0.0,0.3966818357800669,0.0,0.0,0.0,0.2644545571867113,0.0,0.0,0.9917045894501673,0.0,0.0,0.0,0.0,0.0,0.0,1.7489707509999999,0,0,0,15125472.0
HH001_A1_SA_S1,0.08032322340492049,0.1262222082077322,0.011474746200702927,0.08032322340492049,0.0,0.0,0.0,0.16064644680984097,0.2983434012182761,0.022949492401405855,0.16064644680984097,0.0,0.0,0.0,1.7917594692299998,2.7058,0.0,2.4849040000000002,0,0,0,87147897.0
